modi_pos, modi_mass, experiment, subexperiment, peptide, number_hits
14,43229.3,Standard, close,tr|Q5EAC4|Q5EAC4_BOVIN,1
14,43229.3,Standard, close,tr|E1BMN4|E1BMN4_BOVIN,1
14,43229.3,Standard, close,tr|F1SY23|F1SY23_BOVIN,769
14,43229.3,Standard, close,sp|P67939|P53_BOVIN,769
14,43229.3,Standard, open,tr|F1N1F9|F1N1F9_BOVIN,3
14,43229.3,Standard, open,tr|E1B821|E1B821_BOVIN,3
14,43229.3,Standard, open,sp|Q58DV0|PELO_BOVIN,3
14,43229.3,Standard, open,tr|A6QPG1|A6QPG1_BOVIN,3
14,43229.3,Standard, open,tr|Q3SX36|Q3SX36_BOVIN,3
14,43229.3,Standard, open,sp|Q9GKZ4|TRAM1_BOVIN,3
14,43229.3,Standard, open,tr|A0A3Q1LIJ4|A0A3Q1LIJ4_BOVIN,3
14,43229.3,Standard, open,tr|F6R0C0|F6R0C0_BOVIN,3
14,43229.3,Standard, open,tr|E1BEN2|E1BEN2_BOVIN,3
14,43229.3,Standard, open,tr|A0A3Q1MGP7|A0A3Q1MGP7_BOVIN,3
14,43229.3,Standard, open,tr|A4GN53|A4GN53_BOVIN,3
14,43229.3,Standard, open,tr|A0A3Q1M1P8|A0A3Q1M1P8_BOVIN,4
14,43229.3,Standard, open,sp|Q5EAE0|ERGI3_BOVIN,3
14,43229.3,Standard, open,tr|A0A3S5ZP93|A0A3S5ZP93_BOVIN,3
14,43229.3,Standard, open,sp|E1BDF2|SHRPN_BOVIN,3
14,43229.3,Standard, open,tr|A0A3Q1NJ45|A0A3Q1NJ45_BOVIN,4
14,43229.3,Standard, open,tr|Q2KIK5|Q2KIK5_BOVIN,3
14,43229.3,Standard, open,sp|P05363|NK2R_BOVIN,5
14,43229.3,Standard, open,sp|Q32PF0|TM201_BOVIN,3
14,43229.3,Standard, open,tr|Q08D82|Q08D82_BOVIN,3
14,43229.3,Standard, open,tr|Q0P5K7|Q0P5K7_BOVIN,3
14,43229.3,Standard, open,tr|F1MC99|F1MC99_BOVIN,6
14,43229.3,Standard, open,tr|A0A3Q1LV46|A0A3Q1LV46_BOVIN,3
14,43229.3,Standard, open,tr|A4IFQ7|A4IFQ7_BOVIN,5
14,43229.3,Standard, open,tr|A7Y0Q3|A7Y0Q3_BOVIN,5
14,43229.3,Standard, open,tr|Q1JPD9|Q1JPD9_BOVIN,4
14,43229.3,Standard, open,tr|F1MX31|F1MX31_BOVIN,3
14,43229.3,Standard, open,sp|P18246|CXA1_BOVIN,4
14,43229.3,Standard, open,tr|F1N4Q4|F1N4Q4_BOVIN,6
14,43229.3,Standard, open,tr|A0A654IE56|A0A654IE56_BOVIN,4
14,43229.3,Standard, open,tr|A0A3Q1M3N0|A0A3Q1M3N0_BOVIN,4
14,43229.3,Standard, open,tr|A6QQ64|A6QQ64_BOVIN,5
14,43229.3,Standard, open,tr|E1B8X6|E1B8X6_BOVIN,5
14,43229.3,Standard, open,tr|A0A3Q1MPJ5|A0A3Q1MPJ5_BOVIN,4
14,43229.3,Standard, open,tr|Q1JP86|Q1JP86_BOVIN,5
14,43229.3,Standard, open,sp|P67939|P53_BOVIN,769
14,43229.3,Standard, open,tr|Q0Z9Z4|Q0Z9Z4_BOVIN,263
14,43229.3,Standard, open,tr|F1SY23|F1SY23_BOVIN,769
14,43229.3,Standard, open,tr|F1MTW0|F1MTW0_BOVIN,5
14,43229.3,Standard, open,tr|A0A3Q1LVA2|A0A3Q1LVA2_BOVIN,4
14,43229.3,Standard, open,tr|F2Z4E7|F2Z4E7_BOVIN,3
14,43229.3,Standard, open,tr|A1L568|A1L568_BOVIN,4
14,43229.3,Standard, open,tr|Q17QM5|Q17QM5_BOVIN,7
14,43229.3,Standard, open,tr|G5E5G3|G5E5G3_BOVIN,6
14,43229.3,Standard, open,tr|E1B8I6|E1B8I6_BOVIN,7
14,43229.3,Standard, open,tr|A0A3Q1MFE3|A0A3Q1MFE3_BOVIN,3
14,43229.3,Standard, open,sp|A7YY55|HACD3_BOVIN,3
14,43229.3,Standard, open,tr|F1MFM7|F1MFM7_BOVIN,7
14,43229.3,Standard, open,tr|A0A3Q1LKN4|A0A3Q1LKN4_BOVIN,5
14,43229.3,Standard, open,tr|A0A3Q1M0Y3|A0A3Q1M0Y3_BOVIN,8
384,43309.2,Standard, close,tr|F1MVH9|F1MVH9_BOVIN,1
384,43309.2,Standard, open,tr|F6S0C8|F6S0C8_BOVIN,2
384,43309.2,Standard, open,tr|A0A3Q1M1P8|A0A3Q1M1P8_BOVIN,3
384,43309.2,Standard, open,sp|Q0II73|CBPO_BOVIN,2
384,43309.2,Standard, open,tr|A0A3Q1MGP7|A0A3Q1MGP7_BOVIN,3
384,43309.2,Standard, open,tr|G3MXK6|G3MXK6_BOVIN,3
384,43309.2,Standard, open,tr|G5E696|G5E696_BOVIN,3
384,43309.2,Standard, open,tr|F1MBE6|F1MBE6_BOVIN,2
384,43309.2,Standard, open,tr|A0A3Q1MM65|A0A3Q1MM65_BOVIN,3
384,43309.2,Standard, open,tr|F1MV40|F1MV40_BOVIN,3
384,43309.2,Standard, open,tr|A4IFQ7|A4IFQ7_BOVIN,3
384,43309.2,Standard, open,tr|A0A3Q1MNT2|A0A3Q1MNT2_BOVIN,3
384,43309.2,Standard, open,sp|Q0P5B2|METL2_BOVIN,3
384,43309.2,Standard, open,tr|Q3SZG5|Q3SZG5_BOVIN,3
384,43309.2,Standard, open,tr|A0A3Q1LJG1|A0A3Q1LJG1_BOVIN,3
384,43309.2,Standard, open,tr|E1BGH7|E1BGH7_BOVIN,3
384,43309.2,Standard, open,tr|A0A3Q1M750|A0A3Q1M750_BOVIN,4
384,43309.2,Standard, open,tr|Q1JP86|Q1JP86_BOVIN,4
384,43309.2,Standard, open,tr|A0A3Q1LV46|A0A3Q1LV46_BOVIN,3
384,43309.2,Standard, open,tr|F1MX31|F1MX31_BOVIN,3
384,43309.2,Standard, open,tr|E1BGR4|E1BGR4_BOVIN,4
384,43309.2,Standard, open,tr|A0A3S5ZP93|A0A3S5ZP93_BOVIN,3
384,43309.2,Standard, open,tr|A0A452DIZ6|A0A452DIZ6_BOVIN,3
384,43309.2,Standard, open,tr|G5E5G3|G5E5G3_BOVIN,4
384,43309.2,Standard, open,tr|E1B8I6|E1B8I6_BOVIN,4
384,43309.2,Standard, open,tr|J9QCU0|J9QCU0_BOVIN,3
384,43309.2,Standard, open,tr|F1MZT5|F1MZT5_BOVIN,5
384,43309.2,Standard, open,tr|A0A3Q1MXY0|A0A3Q1MXY0_BOVIN,3
384,43309.2,Standard, open,tr|Q08D82|Q08D82_BOVIN,3
384,43309.2,Standard, open,tr|A0A3Q1MZ30|A0A3Q1MZ30_BOVIN,3
384,43309.2,Standard, open,tr|F1MHI9|F1MHI9_BOVIN,5
384,43309.2,Standard, open,tr|A0A3Q1M8W6|A0A3Q1M8W6_BOVIN,6
384,43309.2,Standard, open,tr|Q17QM5|Q17QM5_BOVIN,5
384,43309.2,Standard, open,tr|G3N094|G3N094_BOVIN,4
384,43309.2,Standard, open,tr|A3KN26|A3KN26_BOVIN,7
384,43309.2,Standard, open,tr|Q2KIK5|Q2KIK5_BOVIN,4
384,43309.2,Standard, open,sp|Q5EAE0|ERGI3_BOVIN,4
384,43309.2,Standard, open,tr|A0A3Q1M0Y3|A0A3Q1M0Y3_BOVIN,5
384,43309.2,Standard, open,tr|E1B8X6|E1B8X6_BOVIN,4
384,43309.2,Standard, open,tr|G3X758|G3X758_BOVIN,4
384,43309.2,Standard, open,tr|Q0Z9Z4|Q0Z9Z4_BOVIN,201
384,43309.2,Standard, open,tr|E1B7T8|E1B7T8_BOVIN,4
384,43309.2,Standard, open,tr|A0A3Q1N3K0|A0A3Q1N3K0_BOVIN,4
384,43309.2,Standard, open,tr|G5E683|G5E683_BOVIN,3
384,43309.2,Standard, open,tr|F1MTW0|F1MTW0_BOVIN,3
384,43309.2,Standard, open,sp|P18246|CXA1_BOVIN,4
384,43309.2,Standard, open,tr|A0A654IE56|A0A654IE56_BOVIN,4
384,43309.2,Standard, open,tr|F1SY23|F1SY23_BOVIN,384
384,43309.2,Standard, open,sp|P67939|P53_BOVIN,384
384,43309.2,Standard, open,tr|E1BB44|E1BB44_BOVIN,4
384,43309.2,Standard, open,tr|A6QQ64|A6QQ64_BOVIN,5
111,43389.2,Standard, close,tr|A0A3Q1LIJ4|A0A3Q1LIJ4_BOVIN,1
111,43389.2,Standard, close,tr|A5PJK4|A5PJK4_BOVIN,1
111,43389.2,Standard, close,sp|Q29RS0|CCD89_BOVIN,1
111,43389.2,Standard, open,tr|A0A3Q1M8N6|A0A3Q1M8N6_BOVIN,2
111,43389.2,Standard, open,tr|A0A654ID80|A0A654ID80_BOVIN,3
111,43389.2,Standard, open,sp|Q2KJ58|R3GEF_BOVIN,2
111,43389.2,Standard, open,tr|A0A3Q1NK42|A0A3Q1NK42_BOVIN,3
111,43389.2,Standard, open,tr|Q32PG8|Q32PG8_BOVIN,3
111,43389.2,Standard, open,sp|Q5EAE0|ERGI3_BOVIN,2
111,43389.2,Standard, open,tr|F1MGF3|F1MGF3_BOVIN,2
111,43389.2,Standard, open,sp|Q5E9U3|TMM79_BOVIN,3
111,43389.2,Standard, open,tr|F1MHI9|F1MHI9_BOVIN,3
111,43389.2,Standard, open,sp|Q6PZ03|ATG4B_BOVIN,3
111,43389.2,Standard, open,tr|A0A3Q1MRP7|A0A3Q1MRP7_BOVIN,3
111,43389.2,Standard, open,sp|Q58CU4|ZDH16_BOVIN,3
111,43389.2,Standard, open,sp|Q58DV0|PELO_BOVIN,3
111,43389.2,Standard, open,tr|F1MFY9|F1MFY9_BOVIN,2
111,43389.2,Standard, open,tr|A4IFP8|A4IFP8_BOVIN,2
111,43389.2,Standard, open,sp|Q08DJ7|AAR2_BOVIN,3
111,43389.2,Standard, open,tr|A0A3Q1MZ30|A0A3Q1MZ30_BOVIN,3
111,43389.2,Standard, open,tr|A0A3Q1LJG1|A0A3Q1LJG1_BOVIN,4
111,43389.2,Standard, open,tr|E1BGH7|E1BGH7_BOVIN,3
111,43389.2,Standard, open,sp|Q0VC50|RT4I1_BOVIN,4
111,43389.2,Standard, open,tr|A0A3Q1MI69|A0A3Q1MI69_BOVIN,3
111,43389.2,Standard, open,tr|E1BCP5|E1BCP5_BOVIN,5
111,43389.2,Standard, open,tr|A0A3Q1N3K0|A0A3Q1N3K0_BOVIN,5
111,43389.2,Standard, open,tr|A0A3Q1MPJ5|A0A3Q1MPJ5_BOVIN,3
111,43389.2,Standard, open,sp|P41987|CXA3_BOVIN,3
111,43389.2,Standard, open,tr|A0A3Q1MYB9|A0A3Q1MYB9_BOVIN,4
111,43389.2,Standard, open,tr|A0A3Q1LPN6|A0A3Q1LPN6_BOVIN,3
111,43389.2,Standard, open,tr|Q17QM5|Q17QM5_BOVIN,5
111,43389.2,Standard, open,tr|F1MTW0|F1MTW0_BOVIN,3
111,43389.2,Standard, open,tr|Q5EAC4|Q5EAC4_BOVIN,3
111,43389.2,Standard, open,tr|A0A3Q1N858|A0A3Q1N858_BOVIN,2
111,43389.2,Standard, open,tr|F1MV40|F1MV40_BOVIN,3
111,43389.2,Standard, open,tr|A0A3Q1M1P8|A0A3Q1M1P8_BOVIN,4
111,43389.2,Standard, open,tr|F1SY23|F1SY23_BOVIN,14
111,43389.2,Standard, open,tr|Q2T9Y3|Q2T9Y3_BOVIN,4
111,43389.2,Standard, open,sp|P67939|P53_BOVIN,14
111,43389.2,Standard, open,tr|A0A3Q1M8W6|A0A3Q1M8W6_BOVIN,6
111,43389.2,Standard, open,tr|E1BB44|E1BB44_BOVIN,3
111,43389.2,Standard, open,tr|G3X758|G3X758_BOVIN,3
111,43389.2,Standard, open,tr|E1B7T8|E1B7T8_BOVIN,4
111,43389.2,Standard, open,tr|E1BF60|E1BF60_BOVIN,6
111,43389.2,Standard, open,tr|G5E5G3|G5E5G3_BOVIN,5
111,43389.2,Standard, open,tr|Q0Z9Z4|Q0Z9Z4_BOVIN,16
111,43389.2,Standard, open,tr|A0A3Q1M8V6|A0A3Q1M8V6_BOVIN,5
111,43389.2,Standard, open,sp|Q17QQ5|G137A_BOVIN,8
111,43389.2,Standard, open,tr|A3KN26|A3KN26_BOVIN,9
111,43389.2,Standard, open,sp|Q3SYZ2|MAPK3_BOVIN,5
111,43389.2,Standard, open,tr|A0A3Q1MFE3|A0A3Q1MFE3_BOVIN,3
111,43389.2,Standard, open,tr|G3N094|G3N094_BOVIN,3
111,43389.2,Standard, open,tr|I6L9J6|I6L9J6_BOVIN,3
374,43431.2,Standard, open,tr|F1SY23|F1SY23_BOVIN,14
374,43431.2,Standard, open,tr|A2N231|A2N231_BOVIN,0
374,43431.2,Standard, open,tr|A2N231|A2N231_BOVIN,0
374,43431.2,Standard, open,tr|A2N231|A2N231_BOVIN,0
374,43431.2,Standard, open,tr|A2N231|A2N231_BOVIN,0
374,43431.2,Standard, open,tr|A2N231|A2N231_BOVIN,0
374,43431.2,Standard, open,tr|A2N231|A2N231_BOVIN,0
374,43431.2,Standard, open,tr|G3N2W2|G3N2W2_BOVIN,1
374,43431.2,Standard, open,tr|A2N231|A2N231_BOVIN,0
374,43431.2,Standard, open,tr|A2N231|A2N231_BOVIN,0
374,43431.2,Standard, open,tr|A2N231|A2N231_BOVIN,0
374,43431.2,Standard, open,tr|E1BB44|E1BB44_BOVIN,1
374,43431.2,Standard, open,tr|A2N231|A2N231_BOVIN,0
374,43431.2,Standard, open,tr|A2N231|A2N231_BOVIN,0
374,43431.2,Standard, open,tr|A5PKC2|A5PKC2_BOVIN,1
374,43431.2,Standard, open,tr|A0A3Q1MFE3|A0A3Q1MFE3_BOVIN,2
374,43431.2,Standard, open,tr|Q17QC7|Q17QC7_BOVIN,3
374,43431.2,Standard, open,tr|A0A3Q1MM65|A0A3Q1MM65_BOVIN,1
374,43431.2,Standard, open,tr|A2N231|A2N231_BOVIN,0
374,43431.2,Standard, open,sp|Q2HJ73|HIBCH_BOVIN,1
374,43431.2,Standard, open,tr|A2N231|A2N231_BOVIN,0
374,43431.2,Standard, open,tr|A2N231|A2N231_BOVIN,0
374,43431.2,Standard, open,tr|A0A3Q1MGP7|A0A3Q1MGP7_BOVIN,1
374,43431.2,Standard, open,tr|Q08DL3|Q08DL3_BOVIN,2
374,43431.2,Standard, open,tr|A0A452DIZ6|A0A452DIZ6_BOVIN,2
374,43431.2,Standard, open,tr|G5E5G3|G5E5G3_BOVIN,5
374,43431.2,Standard, open,tr|A2N231|A2N231_BOVIN,0
374,43431.2,Standard, open,tr|A3KN26|A3KN26_BOVIN,3
374,43431.2,Standard, open,tr|A2N231|A2N231_BOVIN,0
374,43431.2,Standard, open,tr|A0A3Q1N858|A0A3Q1N858_BOVIN,4
374,43431.2,Standard, open,sp|Q3SYZ2|MAPK3_BOVIN,5
374,43431.2,Standard, open,sp|P67939|P53_BOVIN,14
374,43431.2,Standard, open,sp|Q2KJ58|R3GEF_BOVIN,3
374,43431.2,Standard, open,tr|F1N4L0|F1N4L0_BOVIN,4
374,43431.2,Standard, open,sp|Q2KJE5|G3PT_BOVIN,4
374,43431.2,Standard, open,tr|A0A3Q1LV46|A0A3Q1LV46_BOVIN,2
374,43431.2,Standard, open,tr|A3KMX1|A3KMX1_BOVIN,1
374,43431.2,Standard, open,tr|F1MC99|F1MC99_BOVIN,2
374,43431.2,Standard, open,tr|Q2T9Y3|Q2T9Y3_BOVIN,1
374,43431.2,Standard, open,tr|A0A3Q1MPH6|A0A3Q1MPH6_BOVIN,2
374,43431.2,Standard, open,tr|Q3SX36|Q3SX36_BOVIN,1
374,43431.2,Standard, open,tr|A0A3Q1MI69|A0A3Q1MI69_BOVIN,1
374,43431.2,Standard, open,tr|A0A3Q1MZ30|A0A3Q1MZ30_BOVIN,4
374,43431.2,Standard, open,tr|A6QQ64|A6QQ64_BOVIN,2
374,43431.2,Standard, open,tr|Q0P5K7|Q0P5K7_BOVIN,1
374,43431.2,Standard, open,tr|A0A3Q1M8V6|A0A3Q1M8V6_BOVIN,5
374,43431.2,Standard, open,tr|A0A3Q1M0Y3|A0A3Q1M0Y3_BOVIN,2
374,43431.2,Standard, open,tr|Q17QM5|Q17QM5_BOVIN,5
374,43431.2,Standard, open,tr|F1MV40|F1MV40_BOVIN,2
374,43431.2,Standard, open,tr|A0A3Q1LLB8|A0A3Q1LLB8_BOVIN,1
19,43473.2,Standard, close,tr|A2N231|A2N231_BOVIN,0
19,43473.2,Standard, close,tr|G3MYC0|G3MYC0_BOVIN,1
19,43473.2,Standard, close,sp|Q5E9U3|TMM79_BOVIN,1
19,43473.2,Standard, open,tr|A0A3Q1MXY0|A0A3Q1MXY0_BOVIN,2
19,43473.2,Standard, open,sp|Q2KJ58|R3GEF_BOVIN,2
19,43473.2,Standard, open,tr|Q0V8A6|Q0V8A6_BOVIN,2
19,43473.2,Standard, open,tr|Q2KHT5|Q2KHT5_BOVIN,3
19,43473.2,Standard, open,tr|F1MXG6|F1MXG6_BOVIN,2
19,43473.2,Standard, open,tr|Q32PG8|Q32PG8_BOVIN,2
19,43473.2,Standard, open,tr|F1N3S3|F1N3S3_BOVIN,2
19,43473.2,Standard, open,sp|Q5E9U9|NPRL2_BOVIN,3
19,43473.2,Standard, open,tr|E1B7J9|E1B7J9_BOVIN,3
19,43473.2,Standard, open,tr|A7E3T7|A7E3T7_BOVIN,3
19,43473.2,Standard, open,tr|A0A3Q1MF03|A0A3Q1MF03_BOVIN,3
19,43473.2,Standard, open,tr|A0PCH9|A0PCH9_BOVIN,2
19,43473.2,Standard, open,tr|A0A3Q1LV46|A0A3Q1LV46_BOVIN,2
19,43473.2,Standard, open,tr|A0A3Q1MS63|A0A3Q1MS63_BOVIN,2
19,43473.2,Standard, open,tr|A0A3Q1LZD6|A0A3Q1LZD6_BOVIN,2
19,43473.2,Standard, open,tr|F1MGF3|F1MGF3_BOVIN,4
19,43473.2,Standard, open,tr|F1MHI9|F1MHI9_BOVIN,3
19,43473.2,Standard, open,tr|A0A3Q1MCB9|A0A3Q1MCB9_BOVIN,3
19,43473.2,Standard, open,sp|Q5E9U1|P2RX4_BOVIN,3
19,43473.2,Standard, open,tr|E1BF60|E1BF60_BOVIN,3
19,43473.2,Standard, open,tr|A0A3Q1LG04|A0A3Q1LG04_BOVIN,3
19,43473.2,Standard, open,tr|A0A1R3UCM5|A0A1R3UCM5_BOVIN,3
19,43473.2,Standard, open,tr|Q5BIQ2|Q5BIQ2_BOVIN,3
19,43473.2,Standard, open,tr|A0A3Q1M8D2|A0A3Q1M8D2_BOVIN,3
19,43473.2,Standard, open,sp|Q0VC50|RT4I1_BOVIN,2
19,43473.2,Standard, open,sp|Q17QQ5|G137A_BOVIN,5
19,43473.2,Standard, open,tr|F1MFP2|F1MFP2_BOVIN,2
19,43473.2,Standard, open,sp|P41987|CXA3_BOVIN,3
19,43473.2,Standard, open,tr|A0A654ID80|A0A654ID80_BOVIN,3
19,43473.2,Standard, open,tr|F1MC99|F1MC99_BOVIN,4
19,43473.2,Standard, open,sp|Q5EAE0|ERGI3_BOVIN,2
19,43473.2,Standard, open,tr|A0A3Q1M8W6|A0A3Q1M8W6_BOVIN,5
19,43473.2,Standard, open,tr|A0A3Q1M5D0|A0A3Q1M5D0_BOVIN,5
19,43473.2,Standard, open,tr|F1MRE7|F1MRE7_BOVIN,5
19,43473.2,Standard, open,tr|Q58CW9|Q58CW9_BOVIN,3
19,43473.2,Standard, open,tr|A0A3Q1LKR2|A0A3Q1LKR2_BOVIN,4
19,43473.2,Standard, open,tr|A0A3Q1LPZ3|A0A3Q1LPZ3_BOVIN,6
19,43473.2,Standard, open,tr|E1BAD1|E1BAD1_BOVIN,4
19,43473.2,Standard, open,tr|A0A3Q1MFE3|A0A3Q1MFE3_BOVIN,3
19,43473.2,Standard, open,sp|A7MB35|ODPA_BOVIN,5
19,43473.2,Standard, open,sp|Q6PZ03|ATG4B_BOVIN,4
19,43473.2,Standard, open,tr|A1A4J3|A1A4J3_BOVIN,4
19,43473.2,Standard, open,tr|A6QQ64|A6QQ64_BOVIN,5
19,43473.2,Standard, open,tr|F1N4L0|F1N4L0_BOVIN,3
19,43473.2,Standard, open,sp|Q0P5B2|METL2_BOVIN,5
19,43473.2,Standard, open,tr|A0A3Q1M8V6|A0A3Q1M8V6_BOVIN,4
19,43473.2,Standard, open,tr|A0A3Q1MNT2|A0A3Q1MNT2_BOVIN,3
19,43473.2,Standard, open,tr|G5E5G3|G5E5G3_BOVIN,4
19,43473.2,Standard, open,tr|G5E696|G5E696_BOVIN,7
19,43473.2,Standard, open,tr|A2VEA6|A2VEA6_BOVIN,3
313,43553.2,Standard, close,sp|Q08DB0|CEP44_BOVIN,1
313,43553.2,Standard, close,tr|A2N231|A2N231_BOVIN,0
313,43553.2,Standard, open,tr|A0A452DHZ3|A0A452DHZ3_BOVIN,2
313,43553.2,Standard, open,sp|Q29RS0|CCD89_BOVIN,2
313,43553.2,Standard, open,tr|Q3SZM8|Q3SZM8_BOVIN,2
313,43553.2,Standard, open,tr|A0A3Q1LGH8|A0A3Q1LGH8_BOVIN,3
313,43553.2,Standard, open,tr|Q5BIQ2|Q5BIQ2_BOVIN,2
313,43553.2,Standard, open,sp|Q2KI97|GPR84_BOVIN,2
313,43553.2,Standard, open,tr|A0A3Q1LSP6|A0A3Q1LSP6_BOVIN,2
313,43553.2,Standard, open,tr|F1N3S3|F1N3S3_BOVIN,3
313,43553.2,Standard, open,sp|Q5E9U3|TMM79_BOVIN,3
313,43553.2,Standard, open,tr|A0A3Q1MXY0|A0A3Q1MXY0_BOVIN,2
313,43553.2,Standard, open,tr|A0A654ID80|A0A654ID80_BOVIN,2
313,43553.2,Standard, open,tr|A0A3Q1MGN9|A0A3Q1MGN9_BOVIN,2
313,43553.2,Standard, open,tr|Q0VD16|Q0VD16_BOVIN,2
313,43553.2,Standard, open,tr|E1B7J9|E1B7J9_BOVIN,3
313,43553.2,Standard, open,tr|G3N1Q6|G3N1Q6_BOVIN,2
313,43553.2,Standard, open,tr|E1BF22|E1BF22_BOVIN,4
313,43553.2,Standard, open,tr|A1A4J3|A1A4J3_BOVIN,4
313,43553.2,Standard, open,tr|A0A3Q1M8N6|A0A3Q1M8N6_BOVIN,3
313,43553.2,Standard, open,sp|Q6PZ03|ATG4B_BOVIN,3
313,43553.2,Standard, open,tr|A5PJK4|A5PJK4_BOVIN,4
313,43553.2,Standard, open,tr|Q0V7N3|Q0V7N3_BOVIN,3
313,43553.2,Standard, open,tr|A0PCH9|A0PCH9_BOVIN,2
313,43553.2,Standard, open,sp|Q17QQ5|G137A_BOVIN,2
313,43553.2,Standard, open,tr|Q58CW9|Q58CW9_BOVIN,3
313,43553.2,Standard, open,tr|Q0V8A6|Q0V8A6_BOVIN,3
313,43553.2,Standard, open,sp|Q5E9U9|NPRL2_BOVIN,4
313,43553.2,Standard, open,tr|A0A3Q1LNK0|A0A3Q1LNK0_BOVIN,2
313,43553.2,Standard, open,tr|F1MHI9|F1MHI9_BOVIN,3
313,43553.2,Standard, open,tr|E1BAD1|E1BAD1_BOVIN,4
313,43553.2,Standard, open,tr|F1MGF3|F1MGF3_BOVIN,3
313,43553.2,Standard, open,tr|E1BGR4|E1BGR4_BOVIN,3
313,43553.2,Standard, open,tr|G5E696|G5E696_BOVIN,7
313,43553.2,Standard, open,tr|A0A3Q1MAL4|A0A3Q1MAL4_BOVIN,4
313,43553.2,Standard, open,sp|Q5E9U1|P2RX4_BOVIN,4
313,43553.2,Standard, open,tr|F1MRE7|F1MRE7_BOVIN,4
313,43553.2,Standard, open,sp|A6QLN9|VWA1_BOVIN,4
313,43553.2,Standard, open,tr|A0A3Q1LKR2|A0A3Q1LKR2_BOVIN,4
313,43553.2,Standard, open,tr|A0A3Q1LKZ8|A0A3Q1LKZ8_BOVIN,4
313,43553.2,Standard, open,tr|Q5NDF9|Q5NDF9_BOVIN,4
313,43553.2,Standard, open,sp|Q2KJC6|METK1_BOVIN,5
313,43553.2,Standard, open,